"Timestamp","Pharmacy එකේ නම","Pharmacy එකේ ලිපිනය","Pharmacy එකේ දුරකථන අංකය","Pharmacy එකේ e-mail ලිපිනය","Stock management එක අවශ්‍යද?","stock manage වෙන්නෙ නැති items තියනවද? තියනවනම් ඒ මොනවාද?","System එකට supplier add කරන්න අවශ්‍යද?","Product එකක් system එකට add කරද්දි දාන්න ඕන විස්තර මොනවද?
( Ex: Product name, dosage, Price, Cost, etc. )","Bill එකකට discounts add කරනවද? Discount add වෙනවනම් ඒ මොනවාද?","Items වර්ග කොපමණ ගණනක් pharmacy එකේ තියනවද?","අවශ්‍ය වන reports වර්ග මොනවද?","දවසේ ආදායම වෙනත් දේවල් සදහා භාවිත කරනවද?
Ex: supplier කෙනෙක්ට මුදල් ලබාදීමට. පෞද්ගලික් අවශ්‍යතා වලට","petty cash එකක් දවස ආරම්භයේදී තියාගන්නවද?","Customer bill එකේ ඇතුලත් විය යුතු අනිවාර්ය දේවල් තියනවද?","System එකට ඔබ යෝජනා කරන color theme එකක් තිබේද?
Ex: Light blue, Green, Light Green, etc.","Company logo එක?"
"2025/05/31 1:15:27 PM GMT+5:30","pharmacy","colombo 10","0719681816","pharmacy@gmail.com","ඔව්","thiyenwa malli , Postinor 1 and Postinor 2","ඔව්","oya okkoma dnn malli","discount ekk dnn mlli","200000","Sales report;Stock balance report (inventory report);GRN Report;Item List Report","hawasat podi adiyak ghnn kiyak hari gnnw malli","ඔව්","mukuth ep malli ","green light","https://drive.google.com/u/2/open?usp=forms_web&id=1c7feEY5LDfwwbQwAwry1NJH0CkpYlHn4"
"2025/05/31 1:33:25 PM GMT+5:30","Ayusha pharmacy and grocery ","No, 52 /1/2, welikadamulla,  Attanagalla. ","0776085969","","ඔව්","No","ඔව්","Item code, product name, genaric name,sell price, quantity","Yes
Medicines ","No limit","Sales report;Stock balance report (inventory report);GRN Report","No","ඔව්","Pharmacy name, Pharmacy  theme, logo,address., phone number, date, time","Light green","https://drive.google.com/u/2/open?usp=forms_web&id=1Zg3Wo3Q8cN-hApmNjLdas4nHG15OWpV7"